application_id,age,income,experience_years,credit_history_years,existing_loans,loan_amount,region,employment_type,default_true,default_proba
1,20,36700,0,6,1,175000,Регион,Наёмный труд,0,0.76
2,54,25600,30,11,0,56000,Санкт-Петербург,Самозанятый,0,0.27
3,28,27100,7,14,0,119000,Регион,Наёмный труд,1,0.479
4,63,45300,39,11,1,140000,Москва,Наёмный труд,0,0.319
5,20,24100,0,12,0,60000,Регион,ИП,0,0.363
6,60,26600,35,11,0,110000,Регион,Наёмный труд,0,0.452
7,22,31900,0,2,1,150000,Москва,Самозанятый,1,0.802
8,44,62600,22,10,1,89000,Регион,Наёмный труд,0,0.268
9,36,26100,16,2,1,83000,Москва,ИП,0,0.601
10,41,81100,15,3,1,109000,Санкт-Петербург,Наёмный труд,0,0.195
11,49,114000,23,10,0,268000,Санкт-Петербург,Наёмный труд,0,0.14
12,55,41900,32,13,1,177000,Регион,ИП,1,0.479
13,38,80800,16,8,2,37000,Регион,Наёмный труд,0,0.239
14,56,60900,30,11,0,102000,Регион,Самозанятый,0,0.231
15,45,126300,24,10,1,69000,Регион,Наёмный труд,0,0.061
16,43,63500,18,6,0,142000,Регион,Наёмный труд,0,0.333
17,36,44000,15,2,0,89000,Регион,Наёмный труд,0,0.403
18,50,57800,25,6,1,107000,Регион,Наёмный труд,0,0.35
19,22,90600,0,2,2,77000,Регион,Наёмный труд,0,0.571
20,58,60800,38,2,0,192000,Москва,Самозанятый,0,0.273
21,36,82300,12,0,1,48000,Регион,Наёмный труд,0,0.243
22,53,57200,30,3,1,55000,Москва,Наёмный труд,0,0.309
23,28,22800,7,1,1,75000,Регион,Наёмный труд,0,0.716
24,30,39600,9,13,1,154000,Регион,ИП,0,0.546
25,42,42600,20,6,0,80000,Регион,Наёмный труд,0,0.421
26,23,85600,0,10,2,118000,Регион,Наёмный труд,0,0.347
27,25,31200,0,3,0,69000,Санкт-Петербург,Наёмный труд,0,0.549
28,38,74000,18,14,0,89000,Москва,Наёмный труд,0,0.163
29,43,52300,17,11,1,69000,Регион,Самозанятый,0,0.202
30,60,71800,33,9,1,108000,Регион,Наёмный труд,0,0.143
31,53,45300,27,10,1,169000,Регион,Наёмный труд,0,0.463
32,22,80300,0,0,0,116000,Регион,Наёмный труд,0,0.311
33,60,46600,37,1,0,201000,Москва,Самозанятый,1,0.41
34,36,54200,13,11,0,32000,Москва,Наёмный труд,0,0.141
35,61,65300,39,11,2,103000,Регион,Без работы,0,0.398
36,52,25200,32,4,0,113000,Регион,Наёмный труд,0,0.513
37,61,62900,38,9,0,106000,Москва,ИП,0,0.1
38,29,57700,9,13,2,74000,Санкт-Петербург,Наёмный труд,0,0.354
39,53,86200,28,4,2,70000,Регион,Без работы,1,0.463
40,45,27600,20,12,1,152000,Санкт-Петербург,ИП,0,0.524
41,45,20100,25,12,2,274000,Москва,Без работы,1,0.972
42,61,43700,38,7,1,65000,Москва,Наёмный труд,0,0.259
43,52,44100,29,7,1,81000,Регион,Самозанятый,0,0.434
44,62,40100,39,0,0,95000,Москва,Самозанятый,0,0.334
45,60,54800,35,1,1,18000,Регион,Наёмный труд,0,0.119
46,62,50400,39,3,1,95000,Регион,Наёмный труд,0,0.245
47,46,47600,21,5,1,79000,Регион,Наёмный труд,0,0.398
48,60,39100,40,4,1,87000,Регион,Наёмный труд,0,0.371
49,21,31200,0,5,1,83000,Регион,Наёмный труд,1,0.577
50,44,46900,24,0,1,176000,Москва,Наёмный труд,0,0.514
51,32,74600,7,7,0,88000,Регион,Наёмный труд,0,0.241
52,34,61600,14,1,0,40000,Регион,Наёмный труд,0,0.293
53,24,43500,0,5,2,61000,Регион,Без работы,1,0.813
54,47,27000,21,14,3,130000,Москва,Самозанятый,1,0.695
55,63,67100,40,14,2,101000,Москва,Наёмный труд,0,0.185
56,25,34500,3,9,0,83000,Москва,Наёмный труд,0,0.437
57,46,56700,19,13,1,91000,Москва,Наёмный труд,0,0.286
58,27,50300,0,0,1,170000,Регион,Самозанятый,1,0.592
59,47,44600,26,10,0,30000,Регион,ИП,0,0.188
60,58,24600,36,8,1,113000,Регион,Наёмный труд,0,0.582
61,44,51600,19,11,0,130000,Москва,Без работы,0,0.633
62,36,97800,16,7,3,277000,Москва,Наёмный труд,0,0.124
63,36,89000,16,9,1,56000,Регион,Наёмный труд,0,0.379
64,45,29700,19,9,0,115000,Регион,Наёмный труд,0,0.468
65,40,30600,18,11,0,190000,Регион,Самозанятый,0,0.552
66,61,72100,35,12,0,33000,Москва,Наёмный труд,0,0.06
67,25,35900,4,2,0,28000,Москва,Наёмный труд,0,0.432
68,57,27100,30,10,1,116000,Регион,Наёмный труд,0,0.572
69,41,56000,19,5,1,47000,Регион,Самозанятый,0,0.31
70,25,70300,0,0,1,293000,Регион,Наёмный труд,0,0.442
71,34,48900,11,2,0,186000,Регион,Без работы,1,0.679
72,30,35300,3,11,0,120000,Регион,Наёмный труд,0,0.39
73,30,54200,7,1,0,140000,Регион,Наёмный труд,0,0.45
74,42,69800,22,12,0,44000,Санкт-Петербург,Без работы,0,0.288
75,47,56400,21,12,2,110000,Москва,ИП,0,0.283
76,56,43900,29,10,1,84000,Москва,Наёмный труд,0,0.384
77,54,49000,29,2,2,59000,Регион,Наёмный труд,0,0.374
78,27,46600,7,10,1,62000,Санкт-Петербург,Наёмный труд,0,0.33
79,34,53900,11,11,3,39000,Регион,Наёмный труд,0,0.191
80,31,63400,11,13,1,36000,Москва,ИП,0,0.163
81,23,53200,0,2,2,77000,Регион,Самозанятый,0,0.571
82,56,53400,32,1,0,105000,Москва,Наёмный труд,0,0.363
83,49,51600,27,13,1,116000,Москва,Наёмный труд,0,0.336
84,57,33300,32,14,3,190000,Москва,Наёмный труд,0,0.681
85,20,31300,0,8,0,57000,Москва,Самозанятый,1,0.443
86,49,34200,28,13,2,161000,Регион,Наёмный труд,0,0.635
87,46,31300,26,13,1,73000,Регион,Наёмный труд,0,0.514
88,52,80500,27,10,0,50000,Москва,Наёмный труд,0,0.134
89,53,80800,32,2,2,71000,Регион,Наёмный труд,0,0.169
90,64,19500,43,10,1,35000,Регион,Без работы,0,0.667
91,47,38700,24,1,1,74000,Регион,Без работы,1,0.781
92,43,45400,17,4,2,86000,Регион,Без работы,0,0.762
93,29,51100,2,2,1,43000,Москва,Без работы,1,0.595
94,55,22300,28,9,1,110000,Регион,Наёмный труд,0,0.58
95,30,70200,7,4,1,42000,Регион,Самозанятый,0,0.39
96,51,91200,29,9,0,189000,Москва,Наёмный труд,0,0.311
97,62,68500,41,5,0,175000,Регион,Без работы,0,0.683
98,42,25800,22,5,0,66000,Регион,Наёмный труд,0,0.482
99,39,39900,12,1,1,35000,Регион,Наёмный труд,1,0.523
100,55,83900,30,13,2,229000,Регион,Наёмный труд,0,0.172
101,54,176000,29,1,1,185000,Санкт-Петербург,Наёмный труд,0,0.053
102,45,33200,25,8,1,53000,Регион,Наёмный труд,0,0.459
103,49,58700,27,7,1,160000,Регион,Наёмный труд,1,0.376
104,45,53700,18,8,0,236000,Регион,Наёмный труд,0,0.46
105,41,47100,20,7,2,29000,Санкт-Петербург,Самозанятый,0,0.388
106,52,57400,32,13,0,103000,Регион,Самозанятый,0,0.219
107,60,111900,38,4,2,387000,Регион,Наёмный труд,0,0.031
108,59,31800,37,2,0,230000,Москва,Самозанятый,0,0.593
109,59,94800,39,13,0,111000,Регион,Наёмный труд,0,0.114
110,25,40400,0,7,0,80000,Санкт-Петербург,Самозанятый,0,0.506
111,63,44100,43,8,1,401000,Регион,Наёмный труд,0,0.704
112,39,30500,18,11,0,271000,Москва,Наёмный труд,0,0.71
113,58,45900,33,4,1,34000,Регион,Наёмный труд,0,0.33
114,48,27500,27,1,1,154000,Регион,ИП,1,0.65
115,56,106700,35,14,2,91000,Москва,ИП,0,0.056
116,54,58400,28,10,0,118000,Регион,Самозанятый,0,0.257
117,35,28000,9,0,0,173000,Москва,Наёмный труд,1,0.693
118,25,53000,1,13,3,39000,Регион,Наёмный труд,0,0.182
119,63,75300,40,9,0,164000,Санкт-Петербург,Наёмный труд,0,0.173
120,30,31600,7,2,1,129000,Москва,Наёмный труд,0,0.679
121,54,73900,27,14,2,119000,Регион,Без работы,0,0.591
122,59,167300,36,2,1,189000,Москва,Наёмный труд,0,0.034
123,51,66800,31,6,0,106000,Регион,Самозанятый,0,0.279
124,33,56700,13,4,1,187000,Регион,Наёмный труд,0,0.465
125,33,22400,12,14,0,79000,Регион,Наёмный труд,0,0.46
126,44,88800,17,10,0,105000,Регион,Наёмный труд,0,0.265
127,41,247600,18,12,1,159000,Регион,Наёмный труд,0,0.106
128,46,52600,26,1,0,216000,Регион,Наёмный труд,0,0.289
129,22,33400,0,10,3,115000,Регион,Без работы,1,0.892
130,31,23500,5,10,0,70000,Регион,Без работы,0,0.763
131,25,54000,5,14,0,49000,Регион,Наёмный труд,1,0.122
132,27,47100,3,5,1,104000,Регион,Самозанятый,0,0.533
133,46,39400,22,6,0,84000,Регион,Наёмный труд,0,0.41
134,25,25300,5,5,0,67000,Санкт-Петербург,Наёмный труд,1,0.523
135,21,35400,0,13,1,55000,Москва,Наёмный труд,0,0.369
136,51,27200,24,13,0,132000,Регион,Наёмный труд,0,0.524
137,32,28000,10,9,0,82000,Регион,Наёмный труд,0,0.472
138,44,58900,20,11,1,61000,Регион,Наёмный труд,0,0.267
139,56,66400,29,9,3,50000,Москва,Наёмный труд,0,0.274
140,63,55000,39,12,2,111000,Санкт-Петербург,Наёмный труд,0,0.213
141,26,41000,0,3,1,254000,Москва,Без работы,0,0.93
142,60,25300,34,4,0,142000,Москва,Наёмный труд,0,0.543
143,45,37800,20,5,1,129000,Регион,Наёмный труд,0,0.575
144,45,44700,25,1,0,65000,Санкт-Петербург,Наёмный труд,0,0.359
145,50,43600,27,10,0,186000,Регион,Наёмный труд,0,0.422
146,22,47900,0,6,0,73000,Регион,Наёмный труд,0,0.465
147,21,62400,0,13,2,56000,Москва,Наёмный труд,0,0.293
148,51,32800,27,3,1,57000,Регион,Самозанятый,0,0.469
149,20,124900,0,8,1,90000,Регион,Наёмный труд,0,0.144
150,56,33500,31,12,0,61000,Регион,Наёмный труд,0,0.284
151,48,16600,28,6,1,267000,Регион,Наёмный труд,1,0.897
152,30,56700,7,14,2,43000,Регион,Наёмный труд,0,0.18
153,64,102100,41,7,0,172000,Регион,Наёмный труд,0,0.129
154,52,44400,29,10,1,122000,Санкт-Петербург,Наёмный труд,0,0.394
155,64,41000,44,7,0,229000,Регион,Наёмный труд,0,0.58
156,34,72600,12,11,2,74000,Регион,Наёмный труд,0,0.257
157,58,46600,34,12,0,124000,Регион,Наёмный труд,0,0.282
158,51,44500,27,3,1,91000,Регион,Самозанятый,0,0.445
159,64,44100,37,0,1,61000,Санкт-Петербург,ИП,0,0.151
160,21,47300,0,9,0,90000,Москва,Наёмный труд,0,0.303
161,25,43800,0,3,0,102000,Санкт-Петербург,Наёмный труд,0,0.502
162,46,43200,22,14,1,49000,Регион,Наёмный труд,0,0.251
163,34,65500,13,4,0,115000,Регион,Без работы,1,0.625
164,57,78900,30,13,2,252000,Санкт-Петербург,Наёмный труд,0,0.277
165,21,19800,0,7,2,69000,Регион,Без работы,1,0.877
166,45,84200,19,8,0,24000,Регион,Наёмный труд,0,0.141
167,64,71400,39,7,0,67000,Москва,Наёмный труд,0,0.107
168,28,61000,5,0,0,215000,Регион,Наёмный труд,0,0.428
169,53,96000,30,4,0,197000,Регион,Без работы,0,0.525
170,33,52800,9,8,1,155000,Регион,Наёмный труд,0,0.48
171,53,38900,33,7,2,274000,Регион,Самозанятый,0,0.834
172,40,22300,20,3,1,86000,Москва,Без работы,0,0.816
173,56,56500,36,12,2,67000,Регион,Без работы,0,0.591
174,55,44300,33,0,1,244000,Регион,Наёмный труд,0,0.696
175,39,77100,16,11,1,72000,Регион,Наёмный труд,0,0.197
176,21,118700,1,3,1,317000,Санкт-Петербург,ИП,0,0.271
177,26,39300,4,11,0,73000,Регион,Наёмный труд,0,0.352
178,36,21200,15,8,1,81000,Москва,Наёмный труд,0,0.645
179,60,42900,33,8,1,226000,Регион,Наёмный труд,1,0.558
180,57,114600,31,12,0,34000,Москва,ИП,0,0.052
181,25,31200,2,7,0,375000,Санкт-Петербург,Наёмный труд,1,0.846
182,39,109900,13,14,0,151000,Регион,Наёмный труд,0,0.113
183,61,35000,37,8,0,251000,Регион,Наёмный труд,0,0.686
184,36,27000,12,4,1,49000,Регион,Без работы,0,0.755
185,34,57200,13,8,0,55000,Регион,Наёмный труд,0,0.287
186,54,48400,30,7,0,204000,Москва,Наёмный труд,0,0.439
187,42,69800,19,12,1,75000,Регион,ИП,0,0.212
188,63,34300,41,3,1,215000,Москва,Наёмный труд,0,0.649
189,53,60200,28,1,1,135000,Регион,Наёмный труд,0,0.387
190,41,50300,14,1,2,39000,Регион,Наёмный труд,0,0.384
191,51,43500,26,14,0,88000,Регион,Наёмный труд,0,0.301
192,22,115100,0,5,0,149000,Санкт-Петербург,ИП,0,0.253
193,52,64200,27,11,0,175000,Регион,Наёмный труд,0,0.285
194,60,54600,36,4,0,302000,Регион,ИП,1,0.441
195,30,22800,3,7,1,117000,Регион,Наёмный труд,0,0.667
196,60,41700,33,12,0,69000,Москва,Наёмный труд,0,0.258
197,60,44400,40,9,1,110000,Регион,Наёмный труд,0,0.276
198,20,50900,0,4,2,64000,Санкт-Петербург,Самозанятый,0,0.434
199,47,43600,20,6,0,31000,Регион,Наёмный труд,0,0.362
200,34,59800,14,9,1,110000,Санкт-Петербург,Наёмный труд,0,0.31
201,23,61400,0,12,1,38000,Москва,Наёмный труд,0,0.177
202,32,13000,11,10,1,81000,Регион,Наёмный труд,1,0.585
203,46,51700,24,5,1,97000,Регион,Наёмный труд,1,0.377
204,63,46800,41,14,0,133000,Регион,Наёмный труд,0,0.42
205,25,49100,0,2,1,119000,Регион,Наёмный труд,0,0.543
206,28,43100,1,12,0,314000,Регион,Самозанятый,0,0.638
207,50,31600,26,9,1,135000,Регион,Самозанятый,0,0.611
208,41,30000,15,0,0,129000,Регион,Наёмный труд,0,0.621
209,39,82900,16,12,1,81000,Регион,Наёмный труд,1,0.145
210,57,37100,35,2,0,68000,Санкт-Петербург,Наёмный труд,0,0.35
211,29,63600,5,2,0,35000,Санкт-Петербург,Наёмный труд,0,0.317
212,36,40300,9,4,1,188000,Москва,Наёмный труд,0,0.649
213,26,44700,1,7,2,38000,Москва,Наёмный труд,0,0.407
214,40,22600,15,14,1,96000,Регион,Наёмный труд,0,0.58
215,49,49200,25,4,0,364000,Регион,Самозанятый,0,0.568
216,32,18300,7,9,0,167000,Москва,Самозанятый,1,0.701
217,56,52300,36,8,0,44000,Регион,ИП,0,0.076
218,36,73600,16,7,2,62000,Москва,Наёмный труд,0,0.366
219,56,26700,30,7,1,121000,Санкт-Петербург,Самозанятый,1,0.596
220,62,112300,36,1,1,53000,Регион,ИП,0,0.052
221,34,57700,9,2,0,138000,Москва,Без работы,0,0.639
222,47,24400,21,0,3,121000,Регион,Наёмный труд,1,0.773
223,25,34800,5,11,0,102000,Регион,Наёмный труд,0,0.397
224,46,48100,19,11,1,129000,Санкт-Петербург,ИП,0,0.338
225,48,49600,26,5,1,47000,Москва,Наёмный труд,0,0.256
226,39,19300,12,4,1,93000,Регион,Наёмный труд,1,0.702
227,54,22800,34,12,1,116000,Регион,Без работы,1,0.823
228,27,69800,3,7,1,248000,Регион,Наёмный труд,0,0.48
229,28,29400,3,1,1,65000,Регион,Наёмный труд,0,0.578
230,21,43600,0,12,1,89000,Москва,Наёмный труд,0,0.412
231,31,59900,7,0,0,91000,Регион,Самозанятый,0,0.419
232,33,52900,13,14,0,286000,Регион,Без работы,0,0.768
233,49,76900,29,3,2,380000,Регион,Наёмный труд,0,0.319
234,30,31600,4,1,0,194000,Регион,ИП,0,0.675
235,31,23800,6,12,1,299000,Москва,ИП,0,0.853
236,23,94100,0,6,3,75000,Регион,Наёмный труд,0,0.459
237,20,35500,0,0,2,67000,Москва,Наёмный труд,0,0.54
238,61,80300,34,1,0,163000,Регион,Без работы,0,0.493
239,63,42500,36,0,1,305000,Москва,Наёмный труд,0,0.645
240,37,81000,11,10,1,88000,Регион,Наёмный труд,0,0.16
241,42,75900,20,1,0,149000,Регион,Наёмный труд,0,0.271
242,57,254200,35,2,0,35000,Санкт-Петербург,Самозанятый,0,0.04
243,57,84900,37,5,0,289000,Регион,ИП,0,0.16
244,59,42500,38,5,0,83000,Санкт-Петербург,Наёмный труд,0,0.246
245,59,83300,39,5,1,191000,Регион,ИП,0,0.136
246,20,32300,0,11,2,142000,Регион,ИП,1,0.776
247,28,63500,8,10,0,88000,Регион,Самозанятый,1,0.255
248,60,46700,39,6,1,118000,Регион,Самозанятый,1,0.267
249,55,81600,35,7,0,135000,Москва,ИП,0,0.154
250,53,43600,29,6,2,144000,Регион,Наёмный труд,0,0.56
251,23,15100,0,10,0,173000,Регион,Наёмный труд,1,0.826
252,37,57300,15,9,0,108000,Регион,Самозанятый,0,0.29
253,26,45800,0,10,1,67000,Москва,Наёмный труд,0,0.415
254,22,80100,0,5,0,181000,Москва,Наёмный труд,0,0.388
255,51,62900,31,2,0,176000,Москва,Наёмный труд,0,0.339
256,24,55400,0,4,1,173000,Москва,Наёмный труд,0,0.53
257,49,36300,25,14,0,99000,Москва,Наёмный труд,0,0.367
258,61,37200,41,11,0,265000,Регион,Без работы,0,0.914
259,43,43400,20,4,1,106000,Регион,Наёмный труд,0,0.497
260,26,59700,0,1,0,230000,Санкт-Петербург,Наёмный труд,0,0.498
261,37,112100,16,9,0,102000,Регион,ИП,0,0.107
262,37,71000,14,7,1,73000,Регион,ИП,0,0.306
263,28,115300,2,13,3,81000,Регион,ИП,0,0.162
264,34,42300,14,8,4,85000,Москва,Наёмный труд,0,0.613
265,50,53300,27,7,0,130000,Москва,Наёмный труд,0,0.372
266,21,24000,0,3,3,109000,Регион,Наёмный труд,1,0.677
267,31,58200,5,3,0,15000,Регион,Наёмный труд,0,0.136
268,33,54200,8,9,0,107000,Регион,Наёмный труд,0,0.317
269,52,78000,30,6,0,85000,Регион,ИП,0,0.166
270,54,57600,33,11,0,146000,Регион,Наёмный труд,0,0.274
271,63,70100,36,14,1,28000,Москва,Наёмный труд,0,0.062
272,42,58000,18,3,1,59000,Регион,ИП,0,0.356
273,33,51800,9,1,0,59000,Регион,Наёмный труд,0,0.317
274,39,47500,19,1,1,93000,Регион,ИП,0,0.434
275,48,52900,21,4,2,162000,Санкт-Петербург,Наёмный труд,0,0.503
276,30,27200,9,4,0,36000,Москва,Самозанятый,0,0.456
277,24,42700,0,5,0,122000,Москва,Наёмный труд,0,0.536
278,54,37600,33,5,0,214000,Москва,Наёмный труд,1,0.544
279,46,42300,20,8,1,24000,Санкт-Петербург,Наёмный труд,0,0.406
280,33,22300,10,9,1,42000,Регион,Наёмный труд,0,0.416
281,29,86300,5,8,0,130000,Москва,Самозанятый,0,0.278
282,31,46300,8,1,0,106000,Москва,Наёмный труд,0,0.41
283,23,24800,1,4,0,219000,Регион,ИП,0,0.784
284,48,112800,25,6,1,57000,Санкт-Петербург,ИП,0,0.135
285,35,36200,10,8,1,59000,Санкт-Петербург,Без работы,0,0.617
286,41,38000,20,1,0,155000,Москва,Без работы,1,0.739
287,53,43200,32,8,1,108000,Москва,Наёмный труд,0,0.446
288,43,24800,17,3,2,235000,Москва,Без работы,1,0.948
289,34,35500,12,8,0,83000,Регион,Без работы,0,0.714
290,48,37200,22,0,0,72000,Санкт-Петербург,Наёмный труд,1,0.44
291,34,52100,14,14,2,218000,Регион,Без работы,1,0.711
292,48,31600,25,1,1,76000,Москва,ИП,0,0.548
293,29,28600,9,13,2,40000,Санкт-Петербург,Наёмный труд,1,0.305
294,34,21100,7,7,2,119000,Регион,Наёмный труд,1,0.761
295,28,87300,5,7,1,137000,Регион,Самозанятый,0,0.384
296,46,33700,24,11,1,120000,Москва,Наёмный труд,0,0.553
297,47,26800,27,3,0,313000,Регион,Наёмный труд,1,0.81
298,29,53600,8,11,1,142000,Регион,Наёмный труд,0,0.38
299,34,65600,7,1,1,337000,Москва,Наёмный труд,0,0.518
300,32,39300,5,3,2,171000,Санкт-Петербург,Наёмный труд,0,0.734
301,55,40400,31,0,1,182000,Москва,Без работы,1,0.798
302,31,43200,7,14,1,32000,Регион,Самозанятый,0,0.358
303,61,44400,41,6,1,256000,Регион,Наёмный труд,0,0.709
304,40,53000,19,12,0,59000,Регион,ИП,0,0.123
305,38,24900,16,5,0,22000,Москва,Наёмный труд,0,0.217
306,40,94700,16,13,2,101000,Москва,Наёмный труд,0,0.211
307,53,42000,31,4,1,92000,Регион,ИП,0,0.4
308,27,45700,5,1,1,36000,Регион,Без работы,0,0.713
309,55,31600,30,11,0,242000,Санкт-Петербург,ИП,1,0.655
310,61,24800,41,7,0,65000,Регион,ИП,0,0.254
311,34,58200,10,8,0,257000,Москва,Без работы,1,0.738
312,47,48700,26,10,0,64000,Москва,Наёмный труд,0,0.212
313,64,58500,37,6,0,117000,Регион,Наёмный труд,0,0.175
314,44,32400,23,6,3,54000,Санкт-Петербург,Наёмный труд,0,0.488
315,21,51400,0,14,1,279000,Москва,Наёмный труд,0,0.561
316,39,76700,17,3,1,129000,Регион,Наёмный труд,0,0.298
317,55,53400,35,13,1,116000,Москва,Наёмный труд,0,0.31
318,33,18800,12,9,0,128000,Москва,Наёмный труд,0,0.611
319,35,57500,12,3,1,79000,Регион,Наёмный труд,1,0.426
320,57,61200,34,4,0,144000,Регион,Без работы,0,0.576
321,45,59600,21,12,1,30000,Регион,Наёмный труд,0,0.241
322,49,33600,27,0,1,220000,Москва,Наёмный труд,1,0.729
323,56,52700,30,6,0,354000,Регион,Наёмный труд,1,0.571
324,62,65900,38,4,1,58000,Москва,Наёмный труд,1,0.196
325,28,48400,6,5,0,165000,Регион,Наёмный труд,0,0.436
326,34,21400,9,13,2,75000,Санкт-Петербург,Наёмный труд,0,0.654
327,53,44800,30,6,0,74000,Регион,Наёмный труд,0,0.369
328,40,50400,14,12,0,136000,Москва,Наёмный труд,1,0.263
329,55,72500,29,13,1,121000,Регион,Наёмный труд,0,0.212
330,35,64900,15,9,0,100000,Санкт-Петербург,ИП,0,0.269
331,64,68600,41,12,1,75000,Регион,Наёмный труд,0,0.166
332,37,43600,12,11,3,69000,Регион,Самозанятый,0,0.504
333,23,21800,2,6,0,102000,Регион,Наёмный труд,0,0.584
334,40,39500,18,7,1,121000,Москва,Наёмный труд,0,0.57
335,26,91300,2,8,1,253000,Регион,Наёмный труд,0,0.377
336,24,42800,2,7,1,150000,Регион,Самозанятый,0,0.675
337,23,51300,0,9,0,70000,Москва,Самозанятый,0,0.388
338,55,39500,34,10,0,98000,Регион,Наёмный труд,0,0.344
339,33,33900,13,13,0,92000,Регион,Самозанятый,0,0.422
340,62,61800,41,12,1,103000,Санкт-Петербург,Наёмный труд,0,0.145
341,39,40800,19,14,2,99000,Санкт-Петербург,Без работы,0,0.704
342,30,47100,9,12,0,87000,Регион,ИП,0,0.267
343,22,123200,0,9,1,127000,Регион,Наёмный труд,0,0.201
344,31,30800,6,4,0,86000,Санкт-Петербург,Наёмный труд,0,0.536
345,27,74700,2,2,0,153000,Регион,Наёмный труд,1,0.32
346,22,39000,0,11,1,63000,Регион,Наёмный труд,0,0.45
347,38,72400,13,9,1,31000,Санкт-Петербург,Самозанятый,0,0.139
348,55,92400,29,3,0,79000,Регион,Наёмный труд,0,0.243
349,47,48700,23,13,0,58000,Регион,ИП,0,0.147
350,28,36300,3,13,2,118000,Санкт-Петербург,Самозанятый,0,0.615
351,49,55400,27,14,0,23000,Регион,Без работы,0,0.181
352,28,38200,6,0,2,150000,Регион,Самозанятый,0,0.768
353,36,40800,12,2,1,62000,Регион,Самозанятый,0,0.541
354,32,77100,11,9,2,53000,Регион,Наёмный труд,0,0.294
355,37,66700,16,11,0,23000,Санкт-Петербург,Наёмный труд,0,0.054
356,32,52300,9,8,0,44000,Санкт-Петербург,Наёмный труд,0,0.122
357,60,29600,36,11,1,63000,Регион,Наёмный труд,0,0.364
358,23,38200,2,9,0,78000,Регион,Наёмный труд,0,0.446
359,27,57400,1,9,0,49000,Москва,Самозанятый,0,0.262
360,55,64500,33,6,0,168000,Регион,Наёмный труд,1,0.338
361,34,29800,8,2,0,157000,Регион,Наёмный труд,0,0.6
362,55,48200,31,10,4,146000,Санкт-Петербург,Наёмный труд,1,0.493
363,56,45300,31,13,0,107000,Регион,Наёмный труд,0,0.323
364,33,30300,6,2,0,137000,Москва,Наёмный труд,0,0.586
365,58,38000,35,11,1,103000,Регион,Без работы,0,0.721
366,38,50200,17,8,0,89000,Регион,Наёмный труд,0,0.324
367,34,60500,13,3,0,78000,Санкт-Петербург,Без работы,0,0.518
368,27,35600,0,14,0,41000,Москва,ИП,0,0.189
369,27,24400,4,9,2,154000,Регион,Самозанятый,1,0.8
370,62,86000,42,8,1,79000,Санкт-Петербург,Без работы,0,0.234
371,29,18100,4,13,1,62000,Регион,Без работы,1,0.745
372,32,52300,6,8,0,127000,Регион,Наёмный труд,0,0.24
373,21,37000,0,11,0,170000,Регион,ИП,0,0.559
374,26,51600,4,3,0,277000,Регион,Самозанятый,0,0.549
375,41,63900,19,7,0,171000,Регион,Наёмный труд,0,0.348
376,40,152000,20,13,1,60000,Санкт-Петербург,Наёмный труд,0,0.106
377,62,26200,37,7,1,256000,Регион,Наёмный труд,0,0.772
378,52,76900,25,1,2,161000,Регион,Наёмный труд,0,0.292
379,27,54400,2,7,1,241000,Регион,Наёмный труд,1,0.62
380,59,55400,35,14,1,68000,Регион,Самозанятый,0,0.22
381,28,86300,3,0,2,56000,Регион,Самозанятый,0,0.359
382,56,84300,32,14,1,244000,Москва,Без работы,0,0.58
383,32,31400,12,5,2,206000,Регион,Наёмный труд,0,0.813
384,25,39500,1,10,2,102000,Регион,Самозанятый,0,0.611
385,23,32700,0,11,2,200000,Регион,Наёмный труд,0,0.811
386,43,36000,16,5,1,156000,Регион,Наёмный труд,0,0.589
387,47,73700,20,7,0,180000,Регион,Наёмный труд,0,0.286
388,48,49300,22,8,0,115000,Регион,Без работы,1,0.639
389,29,52200,4,0,0,128000,Регион,Наёмный труд,0,0.431
390,53,36900,28,13,0,154000,Регион,Наёмный труд,0,0.444
391,48,24200,27,4,0,81000,Регион,Наёмный труд,0,0.527
392,25,28400,3,8,0,130000,Регион,ИП,0,0.624
393,22,90900,0,14,0,340000,Санкт-Петербург,Наёмный труд,0,0.492
394,34,34400,14,2,1,95000,Регион,Наёмный труд,0,0.608
395,36,103400,13,8,1,296000,Москва,Наёмный труд,0,0.103
396,46,41500,20,6,1,152000,Москва,Наёмный труд,1,0.545
397,24,30200,0,9,2,86000,Санкт-Петербург,Наёмный труд,0,0.669
398,33,99700,9,5,0,62000,Москва,Наёмный труд,0,0.234
399,57,34700,36,2,0,67000,Регион,Наёмный труд,0,0.39
400,40,75700,20,7,0,133000,Санкт-Петербург,Самозанятый,0,0.265
401,35,45400,9,14,0,34000,Москва,Наёмный труд,0,0.177
402,52,28800,31,12,2,49000,Санкт-Петербург,Наёмный труд,0,0.336
403,52,13100,27,4,2,29000,Регион,Без работы,1,0.841
404,37,62800,12,5,0,97000,Регион,Самозанятый,0,0.347
405,27,63900,7,5,1,114000,Москва,ИП,0,0.408
406,28,73800,7,13,0,45000,Регион,Наёмный труд,0,0.127
407,38,84600,12,5,1,137000,Санкт-Петербург,Наёмный труд,0,0.225
408,39,89500,18,1,1,89000,Регион,Без работы,0,0.693
409,27,61000,6,10,0,185000,Регион,ИП,0,0.315
410,57,36500,36,2,1,73000,Санкт-Петербург,Наёмный труд,0,0.413
411,43,46400,23,4,2,38000,Москва,Самозанятый,1,0.332
412,64,47700,39,2,1,170000,Москва,Наёмный труд,0,0.279
413,27,85400,6,5,0,41000,Москва,ИП,0,0.279
414,56,54500,35,3,0,108000,Регион,Наёмный труд,0,0.313
415,34,36600,7,11,0,80000,Москва,Наёмный труд,1,0.343
416,22,54600,2,8,0,36000,Регион,ИП,0,0.302
417,41,49000,14,4,1,77000,Регион,Без работы,0,0.725
418,57,47000,33,14,1,34000,Регион,ИП,0,0.162
419,20,133100,0,3,0,172000,Регион,Наёмный труд,0,0.168
420,58,41600,38,5,0,203000,Регион,Наёмный труд,0,0.448
421,56,58200,33,1,0,104000,Москва,Наёмный труд,0,0.317
422,58,69200,36,1,3,151000,Регион,Самозанятый,0,0.239
423,21,62900,0,6,2,165000,Москва,Самозанятый,0,0.625
424,55,90500,29,9,1,323000,Санкт-Петербург,Наёмный труд,0,0.275
425,58,31700,32,11,0,83000,Санкт-Петербург,Наёмный труд,0,0.34
426,56,36700,32,10,1,262000,Регион,Наёмный труд,0,0.742
427,63,44100,38,12,0,51000,Москва,Наёмный труд,1,0.14
428,39,66300,13,2,1,37000,Регион,Наёмный труд,0,0.297
429,42,39300,18,10,1,204000,Регион,ИП,0,0.573
430,20,50500,0,13,1,156000,Регион,Наёмный труд,0,0.494
431,64,71400,39,7,0,260000,Москва,Наёмный труд,0,0.216
432,33,45300,7,14,1,130000,Санкт-Петербург,Наёмный труд,0,0.479
433,62,26900,37,2,2,127000,Регион,Наёмный труд,0,0.537
434,54,40200,31,11,3,215000,Санкт-Петербург,Самозанятый,0,0.641
435,45,26500,18,12,0,255000,Регион,Без работы,1,0.917
436,20,43300,0,4,1,59000,Санкт-Петербург,Наёмный труд,0,0.455
437,27,100500,1,2,0,118000,Москва,Наёмный труд,0,0.182
438,49,38800,29,1,0,82000,Регион,Наёмный труд,0,0.459
439,60,57800,39,5,1,71000,Регион,Без работы,1,0.425
440,24,20900,3,5,2,64000,Регион,Самозанятый,0,0.703
441,32,27500,5,7,0,128000,Санкт-Петербург,Наёмный труд,1,0.61
442,44,67700,20,10,1,143000,Регион,ИП,1,0.275
443,50,27900,30,4,0,122000,Москва,Наёмный труд,0,0.54
444,25,68400,1,13,1,179000,Москва,Наёмный труд,0,0.379
445,25,40300,5,8,1,141000,Санкт-Петербург,Наёмный труд,0,0.625
446,36,71500,10,14,0,54000,Москва,Наёмный труд,0,0.151
447,47,61300,21,12,1,76000,Регион,Наёмный труд,1,0.274
448,47,100200,23,8,1,29000,Регион,Наёмный труд,0,0.077
449,64,77500,37,2,1,49000,Регион,Наёмный труд,0,0.102
450,23,43000,0,7,0,56000,Регион,Самозанятый,0,0.466
451,27,93800,3,3,1,130000,Санкт-Петербург,Наёмный труд,0,0.393
452,45,33000,21,0,0,65000,Регион,Наёмный труд,0,0.423
453,32,40500,12,5,2,53000,Регион,Наёмный труд,0,0.513
454,28,42700,7,6,0,121000,Санкт-Петербург,Наёмный труд,0,0.519
455,21,13200,0,11,0,92000,Регион,Наёмный труд,1,0.615
456,52,36800,29,1,0,61000,Регион,Наёмный труд,0,0.398
457,30,24600,7,12,1,238000,Регион,Наёмный труд,1,0.819
458,39,60900,15,0,0,97000,Санкт-Петербург,Без работы,0,0.546
459,49,35300,22,2,3,65000,Регион,Без работы,1,0.789
460,51,82400,25,10,0,51000,Москва,Наёмный труд,0,0.143
461,37,45500,10,4,0,57000,Москва,Без работы,0,0.572
462,34,63500,9,12,0,49000,Санкт-Петербург,Наёмный труд,0,0.176
463,64,76300,39,1,0,55000,Регион,Наёмный труд,0,0.155
464,39,49500,12,4,1,46000,Регион,Наёмный труд,1,0.309
465,56,36400,31,4,0,72000,Регион,Наёмный труд,0,0.432
466,29,19900,5,12,1,172000,Москва,Наёмный труд,0,0.754
467,59,39900,37,12,1,91000,Регион,Без работы,1,0.682
468,44,57900,17,13,0,238000,Санкт-Петербург,ИП,0,0.378
469,45,45300,20,10,0,59000,Москва,Наёмный труд,0,0.213
470,48,18700,27,1,2,30000,Санкт-Петербург,Наёмный труд,1,0.653
471,25,78100,1,14,0,95000,Москва,Наёмный труд,0,0.175
472,34,100600,9,13,2,169000,Москва,ИП,0,0.254
473,55,22700,35,1,0,118000,Москва,Наёмный труд,1,0.568
474,42,39700,18,12,1,132000,Регион,Наёмный труд,0,0.517
475,41,50500,16,8,0,128000,Регион,Без работы,0,0.659
476,35,51300,9,6,0,47000,Регион,Наёмный труд,0,0.216
477,28,25100,2,9,1,82000,Регион,Наёмный труд,0,0.609
478,54,39700,33,7,0,89000,Регион,Наёмный труд,0,0.394
479,31,63300,4,6,0,50000,Регион,Наёмный труд,0,0.272
480,63,43000,39,3,2,122000,Регион,ИП,0,0.358
481,51,48100,31,14,0,98000,Москва,Без работы,0,0.534
482,49,44500,25,14,1,107000,Москва,Наёмный труд,0,0.38
483,58,45200,33,4,0,70000,Регион,Наёмный труд,0,0.311
484,22,40800,0,1,0,82000,Регион,Наёмный труд,0,0.577
485,47,65100,26,4,1,64000,Москва,Без работы,0,0.586
486,32,28200,9,9,0,97000,Москва,Наёмный труд,0,0.458
487,51,45900,28,12,0,75000,Регион,Наёмный труд,0,0.291
488,36,40500,10,3,1,129000,Санкт-Петербург,Наёмный труд,0,0.59
489,20,18700,0,14,2,66000,Санкт-Петербург,Самозанятый,0,0.622
490,26,36600,0,1,2,42000,Регион,Наёмный труд,0,0.567
491,61,36600,37,10,0,82000,Регион,Наёмный труд,0,0.31
492,41,42700,16,6,1,69000,Регион,Наёмный труд,0,0.502
493,47,39100,26,1,1,86000,Регион,Самозанятый,1,0.565
494,43,53400,18,7,0,122000,Регион,Без работы,0,0.683
495,62,49400,35,9,1,127000,Регион,Наёмный труд,0,0.282
496,34,58400,14,5,2,59000,Регион,Наёмный труд,0,0.445
497,60,27900,33,3,2,16000,Регион,Наёмный труд,0,0.331
498,52,135900,25,14,4,63000,Москва,Наёмный труд,0,0.089
499,55,40300,30,11,0,80000,Регион,Самозанятый,0,0.329
500,38,61100,15,11,0,51000,Регион,Наёмный труд,0,0.19
501,38,45300,18,10,4,214000,Москва,ИП,0,0.605
502,53,79900,32,5,0,119000,Москва,ИП,0,0.151
503,56,93100,35,4,0,60000,Регион,Наёмный труд,0,0.34
504,53,56400,33,0,0,145000,Регион,Без работы,0,0.637
505,61,82500,41,3,2,59000,Регион,Наёмный труд,0,0.139
506,23,32400,0,14,1,61000,Москва,Наёмный труд,0,0.433
507,41,38800,15,12,1,313000,Регион,Самозанятый,0,0.749
508,57,42100,34,13,1,85000,Москва,ИП,0,0.272
509,43,22600,21,10,2,64000,Санкт-Петербург,Наёмный труд,0,0.473
510,52,90000,25,3,0,58000,Регион,Наёмный труд,0,0.401
511,54,36900,28,1,0,95000,Регион,Наёмный труд,0,0.477
512,41,102100,17,1,0,88000,Регион,Без работы,0,0.353
513,44,36600,17,12,2,58000,Регион,Наёмный труд,0,0.426
514,24,101300,0,7,0,121000,Санкт-Петербург,Наёмный труд,0,0.242
515,58,65400,34,6,2,225000,Москва,Самозанятый,1,0.388
516,49,42400,26,0,0,108000,Санкт-Петербург,Наёмный труд,0,0.446
517,43,69500,20,7,0,65000,Регион,Наёмный труд,0,0.32
518,46,55400,23,4,1,127000,Регион,Без работы,0,0.712
519,51,75100,25,13,1,166000,Регион,Наёмный труд,0,0.234
520,24,92900,0,3,0,123000,Санкт-Петербург,Без работы,0,0.661
521,62,30300,40,0,0,115000,Санкт-Петербург,Наёмный труд,0,0.449
522,52,143100,32,13,1,52000,Регион,Наёмный труд,0,0.06
523,30,37100,3,0,2,72000,Москва,Наёмный труд,0,0.623
524,58,47200,32,11,0,102000,Москва,Наёмный труд,0,0.221
525,36,52400,10,10,0,65000,Регион,Самозанятый,0,0.136
526,60,30700,34,0,0,169000,Регион,Наёмный труд,0,0.609
527,31,45200,6,13,1,56000,Регион,Наёмный труд,0,0.288
528,29,20000,7,8,1,13000,Регион,Наёмный труд,0,0.345
529,48,33800,26,12,0,101000,Москва,Без работы,0,0.695
530,24,99800,0,0,0,48000,Москва,Наёмный труд,0,0.226
531,64,47200,44,7,2,52000,Москва,Наёмный труд,0,0.183
532,55,53700,35,3,1,212000,Москва,Наёмный труд,0,0.453
533,24,42900,0,14,4,78000,Москва,Самозанятый,0,0.567
534,50,84800,23,11,1,154000,Москва,Самозанятый,0,0.191
535,38,13300,12,5,3,237000,Регион,Наёмный труд,1,0.924
536,53,59000,31,14,1,138000,Санкт-Петербург,Наёмный труд,1,0.31
537,35,72900,11,3,1,168000,Регион,Наёмный труд,0,0.343
538,24,53700,2,7,1,77000,Регион,Наёмный труд,0,0.448
539,40,73400,20,8,1,253000,Регион,Самозанятый,0,0.391
540,34,41700,12,2,2,80000,Санкт-Петербург,Без работы,1,0.745
541,55,55600,32,1,0,46000,Москва,Наёмный труд,0,0.23
542,33,30200,7,2,0,95000,Регион,Наёмный труд,0,0.52
543,27,92400,1,7,0,47000,Санкт-Петербург,Без работы,0,0.661
544,47,71800,23,10,0,33000,Регион,Без работы,0,0.36
545,24,41900,2,13,0,147000,Москва,ИП,0,0.433
546,22,20700,0,2,1,74000,Санкт-Петербург,Без работы,1,0.81
547,53,50200,32,5,2,73000,Регион,Наёмный труд,0,0.402
548,29,91600,6,14,0,89000,Регион,Наёмный труд,0,0.241
549,51,120000,29,1,0,293000,Москва,Самозанятый,0,0.079
550,34,54100,14,6,1,98000,Регион,Наёмный труд,0,0.438
551,48,66400,25,7,1,100000,Регион,Наёмный труд,0,0.309
552,37,18200,14,2,0,67000,Санкт-Петербург,Наёмный труд,0,0.569
553,55,37400,33,9,1,196000,Санкт-Петербург,Наёмный труд,0,0.578
554,20,49700,0,6,1,166000,Регион,Наёмный труд,1,0.592
555,33,34000,6,4,0,60000,Регион,Наёмный труд,0,0.429
556,27,25700,0,6,0,136000,Регион,ИП,0,0.684
557,50,85900,26,11,1,71000,Регион,Наёмный труд,0,0.137
558,53,75400,28,1,0,70000,Москва,Без работы,0,0.459
559,61,65700,37,4,1,116000,Москва,Наёмный труд,1,0.189
560,62,45800,37,8,1,95000,Регион,Без работы,0,0.515
561,53,60700,33,5,0,430000,Регион,Самозанятый,0,0.338
562,24,54700,0,3,0,119000,Москва,ИП,0,0.498
563,26,80700,5,0,1,93000,Москва,ИП,0,0.29
564,36,91100,14,3,2,107000,Москва,Наёмный труд,0,0.335
565,59,86600,39,8,1,212000,Москва,Без работы,0,0.341
566,59,46200,35,6,2,340000,Регион,Наёмный труд,1,0.654
567,33,51300,11,9,0,75000,Регион,ИП,0,0.281
568,56,66300,32,2,0,145000,Регион,Наёмный труд,1,0.344
569,56,55900,31,4,1,130000,Регион,ИП,0,0.364
570,62,55300,38,6,1,52000,Москва,Самозанятый,0,0.175
571,52,62200,26,4,2,276000,Москва,ИП,0,0.505
572,32,24100,7,13,0,176000,Регион,Наёмный труд,0,0.604
573,64,34200,39,1,0,78000,Регион,Наёмный труд,0,0.363
574,37,63000,14,7,1,103000,Регион,ИП,0,0.343
575,24,45200,0,2,0,130000,Санкт-Петербург,Наёмный труд,0,0.561
576,56,37500,32,9,3,89000,Москва,Самозанятый,1,0.523
577,25,64600,0,9,0,71000,Регион,Наёмный труд,0,0.316
578,39,31500,18,14,2,128000,Регион,Наёмный труд,1,0.668
579,40,42400,15,0,3,65000,Регион,Наёмный труд,0,0.594
580,38,55800,11,6,0,110000,Москва,ИП,0,0.314
581,55,32300,28,6,1,59000,Регион,Наёмный труд,1,0.473
582,23,69100,3,1,0,94000,Москва,Наёмный труд,0,0.319
583,24,56000,1,11,0,148000,Москва,Наёмный труд,0,0.303
584,55,33400,32,14,3,245000,Регион,Наёмный труд,0,0.82
585,48,55300,22,2,0,69000,Регион,Без работы,0,0.564
586,49,44800,27,14,2,315000,Регион,ИП,0,0.701
587,44,35200,21,0,1,79000,Москва,Без работы,1,0.788
588,44,70700,19,13,1,139000,Регион,Наёмный труд,1,0.255
589,59,53000,39,5,0,149000,Регион,ИП,0,0.233
590,61,73800,38,8,1,424000,Регион,ИП,0,0.273
591,47,70400,25,4,0,33000,Регион,Наёмный труд,0,0.195
592,41,34300,19,3,1,62000,Регион,Наёмный труд,0,0.521
593,47,29300,26,6,4,82000,Регион,Наёмный труд,0,0.668
594,28,66000,3,7,0,51000,Регион,Наёмный труд,0,0.293
595,20,54100,0,3,0,36000,Регион,ИП,0,0.29
596,31,86600,8,11,0,296000,Москва,Самозанятый,0,0.232
597,51,43400,30,5,0,116000,Москва,Наёмный труд,0,0.42
598,21,23400,0,4,1,35000,Регион,Наёмный труд,1,0.694
599,64,45900,40,11,1,345000,Регион,Наёмный труд,0,0.528
600,52,29500,31,13,0,46000,Регион,Самозанятый,0,0.176
601,27,30100,3,6,0,60000,Регион,Наёмный труд,0,0.449
602,39,44700,13,4,2,78000,Регион,Наёмный труд,0,0.551
603,37,73900,10,11,0,136000,Регион,ИП,0,0.235
604,38,33000,11,3,1,291000,Санкт-Петербург,Самозанятый,0,0.861
605,45,60700,20,1,0,38000,Москва,Наёмный труд,0,0.256
606,38,74600,12,5,0,425000,Москва,Наёмный труд,0,0.225
607,23,49900,2,5,2,57000,Регион,ИП,0,0.51
608,61,111100,36,13,1,57000,Регион,Наёмный труд,0,0.048
609,37,24400,15,8,0,112000,Москва,Наёмный труд,0,0.539
610,53,90100,28,2,0,106000,Москва,Наёмный труд,0,0.264
611,21,66800,0,14,0,210000,Регион,Наёмный труд,0,0.393
612,52,67100,32,13,1,176000,Регион,Наёмный труд,0,0.306
613,48,52000,25,14,3,150000,Регион,Самозанятый,0,0.464
614,49,26400,28,11,0,26000,Регион,Наёмный труд,0,0.33
615,23,85700,0,4,1,97000,Регион,ИП,0,0.383
616,60,62000,40,12,0,218000,Санкт-Петербург,Самозанятый,0,0.178
617,56,154000,35,11,0,91000,Санкт-Петербург,Наёмный труд,0,0.05
618,29,58900,3,5,0,23000,Москва,Наёмный труд,0,0.124
619,36,67800,14,13,1,54000,Регион,Наёмный труд,0,0.204
620,25,24400,0,1,1,79000,Регион,Наёмный труд,0,0.729
621,27,24600,6,8,2,59000,Регион,Самозанятый,0,0.665
622,44,52300,22,7,1,160000,Санкт-Петербург,Наёмный труд,0,0.272
623,22,42000,0,5,1,73000,Регион,Наёмный труд,0,0.611
624,26,78600,0,4,1,42000,Москва,Без работы,0,0.655
625,41,75900,14,12,0,150000,Санкт-Петербург,Наёмный труд,0,0.216
626,49,66600,26,3,2,86000,Регион,Наёмный труд,0,0.347
627,50,64700,25,13,0,66000,Регион,Наёмный труд,0,0.191
628,60,42800,34,0,1,69000,Санкт-Петербург,Наёмный труд,0,0.364
629,38,23100,12,9,0,653000,Регион,Наёмный труд,1,0.879
630,24,103100,0,3,0,123000,Москва,Наёмный труд,0,0.21
631,38,32000,15,5,1,82000,Москва,Самозанятый,0,0.608
632,56,76100,33,9,1,144000,Регион,Наёмный труд,0,0.236
633,53,42600,28,1,1,131000,Регион,Самозанятый,1,0.584
634,63,34800,37,14,1,104000,Регион,Наёмный труд,0,0.409
635,42,25400,19,1,3,94000,Санкт-Петербург,Наёмный труд,1,0.676
636,45,29700,23,9,0,67000,Регион,Наёмный труд,0,0.411
637,58,80500,38,0,1,125000,Санкт-Петербург,Без работы,0,0.264
638,23,48200,0,11,0,62000,Регион,Наёмный труд,0,0.258
639,28,62700,6,4,0,107000,Москва,Наёмный труд,0,0.326
640,60,100500,34,4,1,52000,Регион,Самозанятый,0,0.079
641,61,30200,35,3,1,97000,Регион,Наёмный труд,0,0.509
642,57,71300,36,1,0,153000,Регион,Без работы,0,0.53
643,34,41300,14,14,1,169000,Регион,Без работы,0,0.808
644,45,14500,21,5,3,73000,Регион,Наёмный труд,0,0.74
645,55,59400,28,1,0,34000,Регион,Наёмный труд,0,0.345
646,45,49800,23,12,2,38000,Санкт-Петербург,ИП,0,0.13
647,50,38100,23,5,0,78000,Регион,Без работы,0,0.676
648,43,28100,16,8,1,148000,Регион,Самозанятый,1,0.697
649,21,54900,1,11,1,91000,Регион,Наёмный труд,0,0.313
650,38,67700,13,6,2,102000,Регион,Наёмный труд,0,0.396
651,22,33800,0,7,2,243000,Регион,Без работы,1,0.977
652,26,49700,6,3,0,213000,Москва,ИП,0,0.492
653,32,30300,9,3,3,38000,Санкт-Петербург,Без работы,0,0.68
654,32,32700,7,3,1,39000,Санкт-Петербург,Наёмный труд,0,0.458
655,43,34800,23,3,0,39000,Регион,ИП,0,0.274
656,64,44600,41,6,0,151000,Санкт-Петербург,Самозанятый,0,0.391
657,53,58200,32,0,0,181000,Санкт-Петербург,Наёмный труд,0,0.405
658,55,66600,29,5,0,35000,Регион,Наёмный труд,0,0.256
659,50,73900,28,12,0,99000,Регион,Самозанятый,0,0.173
660,62,99800,41,14,1,209000,Санкт-Петербург,Наёмный труд,0,0.163
661,59,70200,34,10,0,61000,Регион,Наёмный труд,0,0.167
662,56,50800,32,4,0,73000,Санкт-Петербург,Наёмный труд,0,0.302
663,57,108200,34,8,1,100000,Регион,Наёмный труд,0,0.043
664,44,91700,20,13,0,159000,Москва,Наёмный труд,0,0.24
665,59,114300,37,10,2,94000,Регион,Наёмный труд,0,0.028
666,47,90200,25,12,0,96000,Регион,Наёмный труд,0,0.252
667,51,70800,25,7,1,78000,Санкт-Петербург,Наёмный труд,0,0.208
668,31,26300,7,6,1,201000,Регион,Без работы,0,0.917
669,39,53900,16,9,3,141000,Регион,Самозанятый,0,0.522
670,26,37600,1,13,2,120000,Регион,Наёмный труд,0,0.628
671,21,56100,0,11,1,98000,Москва,Без работы,0,0.712
672,32,50800,11,4,1,38000,Москва,ИП,0,0.326
673,43,32500,16,3,0,166000,Регион,Наёмный труд,1,0.569
674,43,46900,19,10,3,66000,Москва,Наёмный труд,0,0.353
675,62,82900,36,12,0,113000,Регион,Наёмный труд,0,0.094
676,60,65900,36,6,0,91000,Регион,Наёмный труд,0,0.203
677,35,54100,14,6,0,54000,Санкт-Петербург,ИП,0,0.242
678,24,87800,1,0,0,45000,Регион,ИП,0,0.356
679,51,58900,26,13,2,85000,Регион,Наёмный труд,0,0.315
680,36,82400,10,14,2,163000,Регион,Наёмный труд,0,0.253
681,22,66200,0,12,0,86000,Санкт-Петербург,Наёмный труд,1,0.322
682,31,40700,5,2,2,52000,Регион,Самозанятый,1,0.566
683,63,19500,36,10,1,79000,Регион,Наёмный труд,0,0.519
684,37,23800,11,12,3,132000,Санкт-Петербург,Без работы,1,0.876
685,47,42700,22,7,0,105000,Регион,ИП,0,0.357
686,39,37300,12,14,0,89000,Москва,Наёмный труд,0,0.319
687,31,91900,4,10,1,63000,Москва,ИП,0,0.398
688,58,44700,35,0,1,119000,Регион,Наёмный труд,0,0.436
689,23,46200,0,7,0,125000,Санкт-Петербург,Наёмный труд,1,0.522
690,34,58000,14,11,0,61000,Регион,Наёмный труд,0,0.199
691,44,48100,19,9,1,51000,Регион,Самозанятый,0,0.257
692,44,114500,22,3,0,122000,Регион,Наёмный труд,0,0.075
693,46,67200,24,6,0,185000,Регион,Самозанятый,0,0.351
694,34,37000,14,1,1,66000,Санкт-Петербург,ИП,0,0.565
695,25,59000,5,9,1,121000,Санкт-Петербург,Наёмный труд,1,0.399
696,27,61300,1,9,1,72000,Москва,Самозанятый,0,0.403
697,36,60100,15,11,1,140000,Регион,Самозанятый,0,0.354
698,47,82300,26,6,1,53000,Регион,Наёмный труд,0,0.228
699,41,30300,15,13,0,131000,Регион,Без работы,1,0.753
700,22,46600,1,1,2,73000,Регион,Без работы,1,0.859
701,43,46500,21,14,0,84000,Регион,Без работы,0,0.565
702,31,45600,9,3,1,122000,Регион,Наёмный труд,0,0.541
703,37,43100,10,0,0,82000,Регион,Наёмный труд,0,0.488
704,37,23200,15,3,0,73000,Регион,Наёмный труд,1,0.539
705,59,57900,32,3,0,106000,Регион,Наёмный труд,0,0.25
706,36,96200,10,12,4,150000,Регион,Наёмный труд,0,0.427
707,51,69300,24,6,0,324000,Москва,ИП,1,0.412
708,51,36400,27,0,0,67000,Москва,Наёмный труд,1,0.442
709,47,36400,24,3,1,108000,Москва,ИП,0,0.485
710,47,41900,21,2,0,54000,Москва,Наёмный труд,0,0.307
711,63,17700,43,3,0,365000,Регион,Наёмный труд,0,0.677
712,33,44700,8,9,1,171000,Регион,Самозанятый,0,0.566
713,63,105000,40,6,1,136000,Регион,Наёмный труд,0,0.046
714,20,26700,0,11,0,89000,Санкт-Петербург,Наёмный труд,0,0.403
715,27,52500,3,3,0,135000,Санкт-Петербург,Без работы,0,0.505
716,24,46100,0,5,2,80000,Регион,ИП,0,0.592
717,55,31500,34,7,1,99000,Санкт-Петербург,Без работы,1,0.664
718,24,48600,1,9,2,104000,Регион,Наёмный труд,0,0.504
719,58,52400,31,0,0,299000,Регион,ИП,0,0.359
720,30,40800,4,8,0,183000,Регион,Наёмный труд,0,0.514
721,45,35900,20,11,0,222000,Регион,Самозанятый,0,0.478
722,51,60400,27,1,2,80000,Регион,Наёмный труд,0,0.385
723,57,81900,35,10,0,124000,Москва,Наёмный труд,0,0.114
724,23,64300,0,2,0,46000,Москва,Наёмный труд,0,0.251
725,29,24100,6,11,1,116000,Москва,Наёмный труд,0,0.635
726,25,41300,4,3,0,74000,Регион,Без работы,0,0.74
727,40,83500,20,10,1,78000,Санкт-Петербург,Наёмный труд,0,0.136
728,43,31300,16,4,1,140000,Санкт-Петербург,Наёмный труд,0,0.658
729,42,84500,22,0,0,205000,Регион,ИП,0,0.155
730,30,17400,8,7,1,113000,Регион,ИП,0,0.762
731,50,79400,27,11,0,117000,Регион,Наёмный труд,0,0.16
732,45,49100,25,6,1,59000,Регион,ИП,0,0.295
733,56,31200,32,11,1,187000,Регион,Наёмный труд,0,0.647
734,23,24600,0,14,1,112000,Москва,Наёмный труд,0,0.643
735,26,31200,6,10,1,88000,Регион,Самозанятый,0,0.616
736,28,133900,6,14,0,84000,Регион,Самозанятый,0,0.103
737,41,38800,16,10,0,315000,Регион,ИП,0,0.612
738,48,41100,27,6,2,330000,Москва,Наёмный труд,0,0.815
739,20,72300,0,0,0,34000,Регион,Наёмный труд,1,0.165
740,28,69800,6,11,1,203000,Москва,Наёмный труд,0,0.338
741,43,69000,21,11,2,147000,Регион,Наёмный труд,0,0.327
742,32,13500,7,3,1,99000,Санкт-Петербург,Наёмный труд,0,0.773
743,43,72800,20,7,1,93000,Регион,Наёмный труд,0,0.235
744,24,19800,4,3,1,197000,Регион,Наёмный труд,1,0.843
745,53,52800,31,1,1,34000,Санкт-Петербург,Самозанятый,0,0.279
746,39,66300,14,4,0,334000,Москва,Наёмный труд,0,0.439
747,33,58300,11,8,0,69000,Регион,Наёмный труд,0,0.325
748,32,87700,6,4,1,58000,Регион,Наёмный труд,0,0.381
749,49,30100,28,1,0,50000,Москва,Наёмный труд,0,0.404
750,29,53700,8,9,0,58000,Москва,Наёмный труд,0,0.151
751,22,138300,0,3,1,104000,Санкт-Петербург,Наёмный труд,0,0.159
752,62,40100,40,11,0,84000,Регион,Без работы,0,0.561
753,25,50500,4,0,1,168000,Москва,ИП,0,0.529
754,23,40900,0,0,2,111000,Регион,Без работы,1,0.893
755,28,53900,2,5,3,84000,Москва,Наёмный труд,1,0.52
756,32,88800,12,5,0,187000,Регион,Наёмный труд,0,0.397
757,54,58100,31,11,1,71000,Москва,Самозанятый,0,0.291
758,59,55700,38,2,0,151000,Регион,Наёмный труд,0,0.243
759,25,99100,2,2,0,81000,Регион,ИП,0,0.199
760,36,36100,15,9,0,25000,Москва,Наёмный труд,0,0.341
761,51,50700,27,11,0,101000,Регион,Наёмный труд,0,0.257
762,48,75600,25,12,1,306000,Регион,Самозанятый,0,0.331
763,55,33400,31,11,0,20000,Регион,ИП,1,0.104
764,23,52300,0,8,0,54000,Санкт-Петербург,Наёмный труд,0,0.207
765,20,42200,0,6,1,198000,Москва,ИП,0,0.767
766,20,55600,0,1,0,158000,Санкт-Петербург,Наёмный труд,0,0.447
767,41,42300,16,14,0,101000,Москва,Наёмный труд,0,0.297
768,24,35400,0,10,0,183000,Регион,Наёмный труд,0,0.58
769,54,36400,31,1,0,154000,Москва,Наёмный труд,0,0.503
770,27,31100,6,14,1,159000,Москва,Самозанятый,1,0.683
771,51,72600,25,9,1,138000,Регион,Наёмный труд,1,0.236
772,29,31900,8,3,0,102000,Москва,Наёмный труд,1,0.465
773,33,101900,10,3,0,52000,Регион,Наёмный труд,0,0.201
774,46,32800,20,13,0,110000,Санкт-Петербург,Без работы,0,0.58
775,47,45100,25,14,0,295000,Регион,Наёмный труд,1,0.569
776,30,31300,3,1,2,29000,Регион,Наёмный труд,0,0.652
777,34,48700,7,14,2,47000,Регион,Наёмный труд,0,0.196
778,47,108600,27,1,0,20000,Москва,Наёмный труд,0,0.028
779,36,36300,15,3,1,53000,Санкт-Петербург,Без работы,0,0.606
780,53,42900,31,2,1,61000,Регион,Наёмный труд,0,0.402
781,59,76500,35,3,0,76000,Москва,Самозанятый,0,0.143
782,27,18900,1,13,0,206000,Санкт-Петербург,Самозанятый,0,0.727
783,26,40300,4,3,1,74000,Регион,Наёмный труд,0,0.563
784,48,212600,23,12,0,87000,Регион,Без работы,0,0.32
785,30,28500,9,14,1,55000,Регион,Наёмный труд,0,0.405
786,36,35100,16,7,0,110000,Москва,Наёмный труд,0,0.482
787,35,38900,14,6,1,52000,Регион,Наёмный труд,0,0.461
788,59,80300,38,14,1,74000,Регион,ИП,0,0.062
789,44,52200,20,8,2,43000,Москва,Наёмный труд,1,0.264
790,64,83000,38,11,3,138000,Москва,ИП,0,0.063
791,40,72000,13,0,0,89000,Регион,Самозанятый,0,0.289
792,55,32300,28,0,0,78000,Санкт-Петербург,Наёмный труд,0,0.49
793,29,56800,3,4,2,82000,Регион,Наёмный труд,0,0.467
794,61,25500,40,4,0,73000,Москва,Наёмный труд,1,0.399
795,57,85100,32,4,0,77000,Москва,Наёмный труд,0,0.132
796,64,40400,40,2,1,41000,Регион,Самозанятый,0,0.299
797,58,33200,32,2,1,42000,Москва,Наёмный труд,0,0.34
798,47,114500,24,1,0,28000,Регион,Наёмный труд,0,0.054
799,43,54200,22,0,0,75000,Москва,Наёмный труд,0,0.33
800,54,47300,27,6,0,53000,Москва,Без работы,0,0.46
801,23,38200,0,11,0,40000,Регион,Наёмный труд,0,0.212
802,36,52000,9,0,1,84000,Санкт-Петербург,Без работы,1,0.68
803,32,143000,8,11,0,41000,Регион,Наёмный труд,0,0.094
804,53,26700,28,6,0,279000,Москва,Наёмный труд,0,0.797
805,56,26500,36,3,0,226000,Регион,Наёмный труд,0,0.64
806,22,169000,0,3,0,40000,Регион,Наёмный труд,0,0.135
807,51,40700,30,1,0,87000,Москва,Наёмный труд,0,0.447
808,58,42600,37,7,1,77000,Регион,ИП,0,0.322
809,39,45100,17,5,1,41000,Регион,Наёмный труд,0,0.326
810,41,59000,17,13,0,116000,Санкт-Петербург,Без работы,0,0.491
811,58,34200,38,6,1,29000,Регион,Наёмный труд,0,0.403
812,42,33100,15,0,0,33000,Регион,Наёмный труд,1,0.473
813,23,47800,1,13,1,69000,Регион,Самозанятый,1,0.447
814,37,78200,14,6,0,357000,Регион,Самозанятый,0,0.309
815,20,51300,0,14,0,239000,Москва,Наёмный труд,0,0.457
816,47,45200,26,3,1,193000,Москва,Наёмный труд,0,0.546
817,54,63400,33,7,1,72000,Москва,Наёмный труд,0,0.251
818,27,34100,3,6,0,94000,Регион,Наёмный труд,0,0.501
819,61,45700,34,10,0,125000,Регион,Наёмный труд,0,0.324
820,59,52000,33,1,0,73000,Регион,Наёмный труд,0,0.274
821,20,60800,0,4,1,35000,Москва,Наёмный труд,0,0.366
822,28,36600,3,7,0,82000,Регион,Наёмный труд,1,0.464
823,31,33400,9,6,1,121000,Регион,Наёмный труд,0,0.653
824,28,54800,8,9,1,61000,Москва,Наёмный труд,0,0.237
825,61,88100,36,1,2,96000,Москва,Без работы,0,0.231
826,56,70200,36,7,0,169000,Регион,Наёмный труд,0,0.28
827,27,77600,4,13,2,239000,Регион,Наёмный труд,1,0.426
828,22,35000,0,1,1,204000,Регион,Наёмный труд,0,0.813
829,43,79800,19,4,0,140000,Регион,Наёмный труд,0,0.241
830,55,90600,34,2,1,83000,Москва,Наёмный труд,0,0.247
831,44,93700,18,1,1,227000,Санкт-Петербург,Самозанятый,0,0.203
832,33,89700,9,7,2,111000,Регион,Наёмный труд,0,0.426
833,54,54000,33,4,2,148000,Москва,Наёмный труд,0,0.45
834,33,35100,8,6,0,53000,Регион,Наёмный труд,0,0.399
835,53,36700,28,2,2,174000,Санкт-Петербург,Наёмный труд,1,0.665
836,35,55500,11,7,1,113000,Регион,Самозанятый,1,0.473
837,40,63400,18,13,0,70000,Москва,Наёмный труд,0,0.197
838,40,75800,18,8,2,80000,Москва,ИП,0,0.254
839,60,58500,34,5,0,134000,Регион,Наёмный труд,0,0.279
840,63,36900,42,2,0,179000,Регион,Наёмный труд,0,0.577
841,54,34200,29,6,0,181000,Санкт-Петербург,Наёмный труд,0,0.587
842,27,51800,4,5,0,80000,Санкт-Петербург,Самозанятый,1,0.39
843,52,68600,26,13,0,99000,Регион,Наёмный труд,0,0.196
844,37,48800,17,13,0,218000,Москва,ИП,0,0.285
845,47,41800,26,0,0,125000,Регион,Наёмный труд,1,0.506
846,40,70500,18,8,0,47000,Регион,Наёмный труд,1,0.244
847,53,58100,26,14,1,57000,Регион,Самозанятый,0,0.198
848,24,80400,0,6,2,167000,Регион,Наёмный труд,0,0.408
849,53,59900,30,9,0,58000,Регион,ИП,0,0.181
850,56,80600,36,1,0,128000,Регион,Самозанятый,0,0.182
851,56,43400,36,3,1,82000,Санкт-Петербург,Наёмный труд,0,0.396
852,30,38100,4,11,1,118000,Санкт-Петербург,Наёмный труд,0,0.507
853,20,41500,0,14,4,113000,Санкт-Петербург,Самозанятый,1,0.583
854,44,86300,23,13,0,42000,Регион,Наёмный труд,1,0.089
855,60,66700,35,4,1,59000,Санкт-Петербург,Наёмный труд,0,0.203
856,34,110900,9,11,1,107000,Регион,Наёмный труд,0,0.115
857,48,34300,27,4,1,63000,Регион,Без работы,0,0.723
858,39,53100,15,2,1,119000,Регион,Наёмный труд,0,0.472
859,34,56700,7,6,1,321000,Регион,Наёмный труд,0,0.564
860,33,42800,6,3,0,228000,Регион,Наёмный труд,1,0.564
861,58,66300,31,10,0,225000,Москва,Без работы,0,0.555
862,33,54200,9,6,1,73000,Санкт-Петербург,Без работы,0,0.596
863,22,39600,0,6,0,61000,Москва,Наёмный труд,0,0.456
864,39,72700,13,11,1,220000,Регион,Наёмный труд,1,0.274
865,54,51200,29,0,4,74000,Москва,Наёмный труд,1,0.491
866,49,42700,26,4,1,147000,Регион,Наёмный труд,0,0.547
867,35,28500,8,3,1,529000,Регион,Наёмный труд,1,0.92
868,45,60000,20,13,1,220000,Регион,Наёмный труд,0,0.307
869,32,37500,8,8,0,129000,Регион,Без работы,0,0.748
870,57,44800,32,2,0,41000,Регион,Наёмный труд,0,0.228
871,40,58400,14,12,2,77000,Регион,Наёмный труд,1,0.379
872,28,55400,2,1,1,98000,Санкт-Петербург,Наёмный труд,0,0.488
873,61,94000,36,7,3,135000,Регион,Наёмный труд,0,0.159
874,47,33100,27,3,1,23000,Регион,Наёмный труд,0,0.26
875,39,47900,13,9,1,81000,Москва,Без работы,0,0.698
876,58,88100,35,13,1,172000,Москва,Наёмный труд,0,0.171
877,62,45900,38,8,2,108000,Регион,Наёмный труд,0,0.3
878,38,40900,16,4,0,225000,Регион,Наёмный труд,0,0.57
879,27,61200,2,7,0,129000,Москва,Наёмный труд,0,0.359
880,21,32400,0,11,0,50000,Регион,Наёмный труд,0,0.241
881,50,58900,30,9,1,41000,Санкт-Петербург,Наёмный труд,0,0.173
882,62,74000,37,1,2,206000,Москва,ИП,0,0.18
883,50,67300,28,13,0,243000,Регион,ИП,0,0.333
884,22,52100,0,14,1,185000,Регион,Наёмный труд,0,0.454
885,50,75500,26,6,0,250000,Регион,Наёмный труд,0,0.362
886,51,65500,29,8,1,50000,Регион,Самозанятый,0,0.284
887,46,76900,19,6,3,126000,Регион,Самозанятый,0,0.306
888,43,31100,16,1,0,89000,Регион,Наёмный труд,0,0.534
889,51,116800,28,8,1,89000,Москва,Самозанятый,0,0.048
890,55,37200,28,3,1,222000,Регион,Без работы,0,0.835
891,62,57700,40,14,1,93000,Регион,Наёмный труд,0,0.217
892,35,29700,14,5,0,35000,Санкт-Петербург,Наёмный труд,0,0.46
893,48,43300,22,2,1,143000,Регион,Без работы,0,0.778
894,30,29000,9,3,1,141000,Регион,Наёмный труд,1,0.709
895,40,50600,20,6,0,129000,Москва,Наёмный труд,0,0.365
896,59,42400,36,5,2,106000,Регион,Наёмный труд,1,0.393
897,60,47400,33,2,3,96000,Санкт-Петербург,Наёмный труд,0,0.315
898,21,28800,0,4,1,92000,Москва,Наёмный труд,0,0.586
899,31,50000,8,10,1,98000,Санкт-Петербург,Наёмный труд,0,0.361
900,42,24500,20,5,0,84000,Санкт-Петербург,Наёмный труд,0,0.511
901,30,47800,5,9,1,112000,Регион,Наёмный труд,0,0.424
902,64,32300,37,10,0,147000,Регион,Самозанятый,0,0.405
903,31,27100,11,12,1,135000,Регион,Наёмный труд,0,0.644
904,22,42500,0,8,1,48000,Регион,Наёмный труд,0,0.403
905,53,90100,28,5,2,182000,Санкт-Петербург,Наёмный труд,0,0.339
906,49,61400,25,7,3,176000,Москва,Наёмный труд,0,0.404
907,59,67600,32,7,1,230000,Санкт-Петербург,Наёмный труд,0,0.347
908,48,103500,24,9,0,144000,Регион,Наёмный труд,0,0.112
909,50,54900,29,0,3,61000,Регион,ИП,0,0.364
910,45,21700,19,14,0,148000,Регион,Без работы,0,0.806
911,34,63400,8,10,2,133000,Регион,Наёмный труд,0,0.404
912,43,49200,19,11,1,33000,Москва,Наёмный труд,1,0.244
913,44,30700,20,11,0,164000,Москва,Наёмный труд,0,0.501
914,55,31200,34,10,0,109000,Регион,Наёмный труд,0,0.427
915,20,17200,0,4,1,101000,Санкт-Петербург,Наёмный труд,1,0.716
916,28,41500,6,13,1,100000,Санкт-Петербург,Наёмный труд,0,0.476
917,50,111600,23,10,3,295000,Регион,ИП,0,0.097
918,62,39500,36,14,1,75000,Регион,Наёмный труд,0,0.335
919,34,35000,10,11,1,237000,Санкт-Петербург,Наёмный труд,1,0.721
920,22,44500,0,4,0,49000,Москва,Наёмный труд,0,0.379
921,32,34400,7,4,0,120000,Регион,Без работы,1,0.764
922,46,68900,24,1,1,204000,Регион,Самозанятый,0,0.371
923,59,102100,38,0,1,123000,Москва,Наёмный труд,0,0.034
924,49,38400,24,5,0,146000,Москва,Наёмный труд,0,0.488
925,21,40400,0,2,2,152000,Регион,ИП,1,0.764
926,22,41100,0,7,1,69000,Санкт-Петербург,Наёмный труд,0,0.622
927,45,57700,19,10,1,150000,Москва,Наёмный труд,0,0.346
928,64,52900,44,9,0,311000,Санкт-Петербург,Наёмный труд,0,0.531
929,57,58500,35,14,0,72000,Регион,Наёмный труд,1,0.195
930,23,36100,2,6,1,54000,Санкт-Петербург,Наёмный труд,0,0.524
931,60,48400,38,13,0,146000,Регион,Наёмный труд,0,0.246
932,44,34800,22,3,2,44000,Регион,Самозанятый,1,0.458
933,44,39800,17,5,1,80000,Регион,ИП,0,0.472
934,36,52300,13,4,0,145000,Регион,Наёмный труд,0,0.252
935,56,97300,30,3,2,84000,Москва,Наёмный труд,0,0.069
936,45,34200,22,4,0,62000,Санкт-Петербург,Наёмный труд,0,0.344
937,53,64600,27,8,0,132000,Регион,Наёмный труд,0,0.318
938,50,42900,26,3,0,118000,Регион,Самозанятый,0,0.439
939,20,29000,0,7,1,83000,Москва,Без работы,1,0.796
940,29,34000,8,12,1,102000,Регион,Самозанятый,0,0.529
941,35,59600,14,8,1,83000,Регион,Самозанятый,0,0.371
942,59,38100,38,6,0,101000,Регион,ИП,1,0.25
943,35,32400,8,11,0,169000,Регион,Наёмный труд,0,0.473
944,58,48100,35,14,1,318000,Санкт-Петербург,Без работы,0,0.786
945,25,59700,2,0,3,107000,Регион,ИП,0,0.555
946,49,16500,23,1,3,327000,Регион,Наёмный труд,1,0.95
947,41,17800,21,3,0,45000,Москва,Наёмный труд,0,0.436
948,43,121200,19,5,1,201000,Москва,ИП,0,0.084
949,64,38400,41,8,3,30000,Регион,Самозанятый,1,0.455
950,56,46400,32,2,0,121000,Регион,Наёмный труд,0,0.404
951,40,37800,19,10,0,161000,Москва,Самозанятый,0,0.449
952,21,40200,0,1,1,96000,Санкт-Петербург,Самозанятый,1,0.592
953,52,67200,31,4,0,182000,Москва,Наёмный труд,0,0.338
954,23,71600,0,8,0,106000,Регион,Наёмный труд,0,0.301
955,31,34200,6,0,2,46000,Москва,Наёмный труд,0,0.54
956,44,42100,19,11,1,107000,Регион,Самозанятый,0,0.458
957,39,72100,12,13,0,288000,Регион,Наёмный труд,0,0.284
958,52,52200,29,9,0,166000,Регион,Наёмный труд,0,0.335
959,41,34100,20,2,0,112000,Регион,Наёмный труд,0,0.502
960,51,61100,25,2,1,160000,Регион,ИП,1,0.312
961,47,123500,20,3,1,67000,Москва,Наёмный труд,0,0.07
962,54,62600,28,1,0,96000,Регион,Наёмный труд,0,0.309
963,41,22900,19,5,0,202000,Регион,ИП,0,0.681
964,40,38300,17,10,0,150000,Регион,Самозанятый,0,0.439
965,56,68000,33,0,1,117000,Регион,Без работы,0,0.64
966,51,48200,25,0,1,36000,Регион,Самозанятый,0,0.323
967,31,21400,9,12,0,134000,Регион,ИП,0,0.552
968,60,62400,39,12,2,61000,Санкт-Петербург,Наёмный труд,0,0.125
969,40,38600,18,3,2,56000,Регион,Наёмный труд,0,0.503
970,26,72600,3,12,0,139000,Москва,Наёмный труд,0,0.245
971,21,30600,0,12,1,52000,Регион,Наёмный труд,1,0.408
972,37,34500,12,12,2,183000,Регион,ИП,0,0.696
973,25,62800,0,2,0,80000,Москва,Наёмный труд,0,0.358
974,40,52400,14,6,0,71000,Санкт-Петербург,ИП,0,0.175
975,45,78700,25,12,1,179000,Москва,Наёмный труд,0,0.22
976,22,87600,0,8,1,57000,Москва,Наёмный труд,0,0.387
977,47,31700,27,10,1,363000,Москва,Наёмный труд,1,0.793
978,39,31700,15,7,1,64000,Москва,Наёмный труд,0,0.487
979,50,115900,25,11,1,134000,Регион,Наёмный труд,0,0.075
980,29,78300,6,14,0,223000,Регион,Наёмный труд,1,0.175
981,26,82900,0,12,0,63000,Регион,Наёмный труд,0,0.196
982,33,56600,12,14,1,143000,Регион,Наёмный труд,0,0.37
983,52,36200,31,14,0,124000,Регион,ИП,0,0.334
984,64,64400,43,10,0,106000,Регион,Без работы,0,0.263
985,35,98600,9,8,1,293000,Регион,Наёмный труд,0,0.145
986,24,58700,4,10,0,30000,Москва,Наёмный труд,1,0.228
987,28,33000,6,8,1,34000,Москва,Наёмный труд,1,0.555
988,51,126000,29,10,0,55000,Регион,Наёмный труд,0,0.094
989,29,58900,8,3,0,49000,Регион,ИП,0,0.274
990,53,52300,29,1,2,80000,Регион,ИП,0,0.262
991,53,21000,31,1,0,27000,Москва,Наёмный труд,0,0.461
992,31,32200,7,13,1,122000,Регион,Без работы,1,0.838
993,44,25800,17,1,2,239000,Регион,Наёмный труд,0,0.888
994,46,39400,26,14,1,63000,Санкт-Петербург,Без работы,0,0.486
995,40,47400,15,3,0,65000,Санкт-Петербург,Наёмный труд,0,0.324
996,55,33600,35,14,0,331000,Санкт-Петербург,Самозанятый,0,0.71
997,37,51500,15,6,1,81000,Регион,Наёмный труд,0,0.412
998,42,25700,21,11,1,230000,Регион,Наёмный труд,0,0.734
999,54,69200,31,13,0,81000,Санкт-Петербург,ИП,0,0.132
1000,55,35900,31,1,0,77000,Москва,ИП,0,0.403
